{
  "AF3": {
    "mu": 4301.531777814874,
    "sd": 37.92945864206042
  },
  "AF4": {
    "mu": 4361.448736332527,
    "sd": 38.668752347148995
  },
  "F3": {
    "mu": 4264.200428177948,
    "sd": 21.587091834873807
  },
  "F4": {
    "mu": 4279.220070945664,
    "sd": 20.343716754106474
  },
  "F7": {
    "mu": 4009.5923353643266,
    "sd": 30.252673064513274
  },
  "F8": {
    "mu": 4606.132319505884,
    "sd": 33.69589283717023
  },
  "FC5": {
    "mu": 4122.5281161839575,
    "sd": 21.155347895448013
  },
  "FC6": {
    "mu": 4202.256153075703,
    "sd": 24.760845893421227
  },
  "O1": {
    "mu": 4073.0064719138636,
    "sd": 21.048168920857254
  },
  "O2": {
    "mu": 4615.881403889492,
    "sd": 18.544080344742973
  },
  "P7": {
    "mu": 4620.22794007178,
    "sd": 18.816791851555273
  },
  "P8": {
    "mu": 4201.396670561723,
    "sd": 18.047312713430166
  },
  "T7": {
    "mu": 4341.7111267840755,
    "sd": 17.29251096757429
  },
  "T8": {
    "mu": 4231.34009932393,
    "sd": 20.036770089718264
  }
}