{
  "AF3": {
    "mu": 4303.004966854074,
    "sd": 37.46933535701328
  },
  "AF4": {
    "mu": 4363.81252076865,
    "sd": 38.736583157784594
  },
  "F3": {
    "mu": 4264.3443836536035,
    "sd": 21.97535888490013
  },
  "F4": {
    "mu": 4280.390735923471,
    "sd": 20.699595038978618
  },
  "F7": {
    "mu": 4006.872707057145,
    "sd": 29.102175744282967
  },
  "F8": {
    "mu": 4606.387280355794,
    "sd": 35.2102164541825
  },
  "FC5": {
    "mu": 4121.248727867752,
    "sd": 21.324722134504512
  },
  "FC6": {
    "mu": 4202.845960392717,
    "sd": 26.01585718946786
  },
  "O1": {
    "mu": 4073.0311605269785,
    "sd": 22.409547194037597
  },
  "O2": {
    "mu": 4615.549597214063,
    "sd": 18.622470945672035
  },
  "P7": {
    "mu": 4619.371475203491,
    "sd": 19.629705875160617
  },
  "P8": {
    "mu": 4201.653770244188,
    "sd": 18.58870462966482
  },
  "T7": {
    "mu": 4340.316565410758,
    "sd": 17.49351393324123
  },
  "T8": {
    "mu": 4233.109854829236,
    "sd": 20.363719776745846
  }
}